PersonID,Timestamp,Emotion,Confidence,SnapshotPath
1,0:00:00,Happy,82.14362,snapshots/p1_2.jpg
2,0:00:00,Angry,52.534233,snapshots/p2_2.jpg
3,0:00:00,Happy,94.673256,snapshots/p3_2.jpg
4,0:00:00,Neutral,89.15159,snapshots/p4_2.jpg
5,0:00:00,Happy,99.999466,snapshots/p5_4.jpg
1,0:00:00,Happy,90.46055,snapshots/p1_12.jpg
2,0:00:00,Angry,94.52546,snapshots/p2_12.jpg
3,0:00:00,Happy,0.0,snapshots/p3_12.jpg
4,0:00:00,Neutral,45.2036,snapshots/p4_12.jpg
5,0:00:00,Happy,99.98454,snapshots/p5_14.jpg
1,0:00:00,Happy,99.980385,snapshots/p1_22.jpg
2,0:00:00,Sad,54.537766,snapshots/p2_22.jpg
3,0:00:00,Unknown,0.0,snapshots/p3_22.jpg
4,0:00:00,Neutral,0.0,snapshots/p4_22.jpg
7,0:00:00,Unknown,0.0,snapshots/p7_23.jpg
5,0:00:01,Happy,79.928276,snapshots/p5_24.jpg
1,0:00:01,Happy,98.237434,snapshots/p1_32.jpg
2,0:00:01,Sad,79.553825,snapshots/p2_32.jpg
3,0:00:01,Happy,95.96115,snapshots/p3_32.jpg
4,0:00:01,Neutral,99.7665,snapshots/p4_32.jpg
7,0:00:01,Unknown,92.43066,snapshots/p7_33.jpg
5,0:00:01,Happy,99.55265,snapshots/p5_34.jpg
8,0:00:01,Happy,92.50592,snapshots/p8_37.jpg
9,0:00:01,Happy,61.450024,snapshots/p9_38.jpg
1,0:00:01,Happy,99.8192,snapshots/p1_42.jpg
2,0:00:01,Sad,75.65835,snapshots/p2_42.jpg
3,0:00:01,Unknown,0.0,snapshots/p3_42.jpg
7,0:00:01,Unknown,0.0,snapshots/p7_43.jpg
5,0:00:01,Happy,99.910774,snapshots/p5_44.jpg
8,0:00:01,Happy,97.790504,snapshots/p8_47.jpg
9,0:00:02,Happy,100.0,snapshots/p9_48.jpg
1,0:00:02,Happy,100.0,snapshots/p1_52.jpg
2,0:00:02,Sad,85.96832,snapshots/p2_52.jpg
3,0:00:02,Unknown,0.0,snapshots/p3_52.jpg
7,0:00:02,Unknown,58.09176,snapshots/p7_53.jpg
5,0:00:02,Happy,99.93612,snapshots/p5_54.jpg
8,0:00:02,Happy,99.99997,snapshots/p8_57.jpg
9,0:00:02,Happy,99.99979,snapshots/p9_58.jpg
1,0:00:02,Happy,100.0,snapshots/p1_62.jpg
2,0:00:02,Sad,93.91635,snapshots/p2_62.jpg
3,0:00:02,Unknown,0.0,snapshots/p3_62.jpg
7,0:00:02,Unknown,0.0,snapshots/p7_63.jpg
5,0:00:02,Happy,99.593796,snapshots/p5_64.jpg
8,0:00:02,Happy,0.0,snapshots/p8_67.jpg
9,0:00:02,Happy,100.0,snapshots/p9_68.jpg
1,0:00:03,Happy,99.99919,snapshots/p1_72.jpg
2,0:00:03,Sad,99.70398,snapshots/p2_72.jpg
3,0:00:03,Unknown,96.62559,snapshots/p3_72.jpg
7,0:00:03,Unknown,84.25175,snapshots/p7_73.jpg
5,0:00:03,Happy,55.378525,snapshots/p5_74.jpg
8,0:00:03,Happy,0.0,snapshots/p8_77.jpg
9,0:00:03,Happy,99.99974,snapshots/p9_78.jpg
1,0:00:03,Happy,99.999054,snapshots/p1_82.jpg
2,0:00:03,Sad,99.492195,snapshots/p2_82.jpg
3,0:00:03,Unknown,0.0,snapshots/p3_82.jpg
5,0:00:03,Happy,79.25805,snapshots/p5_84.jpg
8,0:00:03,Happy,0.0,snapshots/p8_87.jpg
9,0:00:03,Happy,0.0,snapshots/p9_88.jpg
1,0:00:03,Happy,0.0,snapshots/p1_92.jpg
2,0:00:03,Sad,97.11432,snapshots/p2_92.jpg
3,0:00:03,Unknown,0.0,snapshots/p3_92.jpg
5,0:00:03,Happy,76.556885,snapshots/p5_94.jpg
8,0:00:04,Happy,99.99881,snapshots/p8_97.jpg
9,0:00:04,Happy,0.0,snapshots/p9_98.jpg
1,0:00:04,Happy,70.52544,snapshots/p1_102.jpg
2,0:00:04,Sad,0.0,snapshots/p2_102.jpg
3,0:00:04,Unknown,96.02866,snapshots/p3_102.jpg
11,0:00:04,Sad,47.287144,snapshots/p11_103.jpg
5,0:00:04,Happy,0.0,snapshots/p5_104.jpg
12,0:00:04,Unknown,0.0,snapshots/p12_105.jpg
14,0:00:04,Neutral,99.99834,snapshots/p14_105.jpg
8,0:00:04,Happy,0.0,snapshots/p8_107.jpg
9,0:00:04,Happy,98.53729,snapshots/p9_108.jpg
1,0:00:04,Happy,44.774967,snapshots/p1_112.jpg
2,0:00:04,Neutral,0.0,snapshots/p2_112.jpg
3,0:00:04,Unknown,0.0,snapshots/p3_112.jpg
11,0:00:04,Sad,51.115463,snapshots/p11_113.jpg
5,0:00:04,Happy,0.0,snapshots/p5_114.jpg
12,0:00:04,Unknown,0.0,snapshots/p12_115.jpg
14,0:00:04,Neutral,93.14025,snapshots/p14_115.jpg
15,0:00:04,Unknown,0.0,snapshots/p15_116.jpg
8,0:00:04,Happy,94.72043,snapshots/p8_117.jpg
9,0:00:04,Happy,0.0,snapshots/p9_118.jpg
1,0:00:05,Happy,80.51489,snapshots/p1_122.jpg
2,0:00:05,Neutral,70.80159,snapshots/p2_122.jpg
3,0:00:05,Unknown,0.0,snapshots/p3_122.jpg
11,0:00:05,Sad,46.91428,snapshots/p11_123.jpg
5,0:00:05,Happy,0.0,snapshots/p5_124.jpg
12,0:00:05,Unknown,0.0,snapshots/p12_125.jpg
14,0:00:05,Neutral,0.0,snapshots/p14_125.jpg
15,0:00:05,Unknown,0.0,snapshots/p15_126.jpg
8,0:00:05,Unknown,0.0,snapshots/p8_127.jpg
9,0:00:05,Happy,0.0,snapshots/p9_128.jpg
3,0:00:05,Unknown,0.0,snapshots/p3_132.jpg
11,0:00:05,Angry,84.67979,snapshots/p11_133.jpg
12,0:00:05,Unknown,0.0,snapshots/p12_135.jpg
14,0:00:05,Unknown,0.0,snapshots/p14_135.jpg
15,0:00:05,Unknown,0.0,snapshots/p15_136.jpg
9,0:00:05,Happy,99.99955,snapshots/p9_138.jpg
3,0:00:05,Unknown,0.0,snapshots/p3_142.jpg
11,0:00:05,Angry,79.645706,snapshots/p11_143.jpg
12,0:00:06,Unknown,0.0,snapshots/p12_145.jpg
14,0:00:06,Unknown,0.0,snapshots/p14_145.jpg
15,0:00:06,Unknown,0.0,snapshots/p15_146.jpg
9,0:00:06,Unknown,0.0,snapshots/p9_148.jpg
3,0:00:06,Unknown,0.0,snapshots/p3_152.jpg
11,0:00:06,Angry,94.258064,snapshots/p11_153.jpg
12,0:00:06,Unknown,0.0,snapshots/p12_155.jpg
14,0:00:06,Unknown,0.0,snapshots/p14_155.jpg
15,0:00:06,Unknown,0.0,snapshots/p15_156.jpg
9,0:00:06,Unknown,0.0,snapshots/p9_158.jpg
3,0:00:06,Unknown,0.0,snapshots/p3_162.jpg
11,0:00:06,Angry,97.93705,snapshots/p11_163.jpg
12,0:00:06,Unknown,0.0,snapshots/p12_165.jpg
14,0:00:06,Unknown,0.0,snapshots/p14_165.jpg
15,0:00:06,Unknown,0.0,snapshots/p15_166.jpg
9,0:00:07,Unknown,0.0,snapshots/p9_168.jpg
3,0:00:07,Unknown,0.0,snapshots/p3_172.jpg
11,0:00:07,Angry,95.35039,snapshots/p11_173.jpg
12,0:00:07,Unknown,0.0,snapshots/p12_175.jpg
14,0:00:07,Unknown,0.0,snapshots/p14_175.jpg
15,0:00:07,Unknown,0.0,snapshots/p15_176.jpg
9,0:00:07,Unknown,0.0,snapshots/p9_178.jpg
3,0:00:07,Unknown,0.0,snapshots/p3_182.jpg
11,0:00:07,Angry,99.41279,snapshots/p11_183.jpg
12,0:00:07,Unknown,0.0,snapshots/p12_185.jpg
14,0:00:07,Unknown,0.0,snapshots/p14_185.jpg
15,0:00:07,Unknown,0.0,snapshots/p15_186.jpg
9,0:00:07,Unknown,99.89519,snapshots/p9_188.jpg
3,0:00:08,Unknown,0.0,snapshots/p3_192.jpg
